City,Lat,lng,Max Temp,Humidity,Cloudiness,Wind Speed,Country,Date
kodiak,57.79,-152.4072,52.23,98.0,100.0,17.65,US,1627039370.0
hermanus,-34.4187,19.2345,59.9,57.0,1.0,16.26,ZA,1627039370.0
longyearbyen,78.2186,15.6401,49.84,71.0,75.0,19.57,SJ,1627039370.0
takoradi,4.8845,-1.7554,78.94,75.0,93.0,10.96,GH,1627039371.0
tura,25.5198,90.2201,78.01,90.0,83.0,9.33,IN,1627039371.0
chuy,-33.6971,-53.4616,49.42,81.0,77.0,6.49,UY,1627039371.0
vostok,46.4856,135.8833,73.22,82.0,52.0,4.14,RU,1627039371.0
punta arenas,-53.15,-70.9167,35.71,93.0,75.0,19.57,CL,1627039289.0
yellowknife,62.456,-114.3525,58.32,100.0,90.0,3.44,CA,1627039372.0
busselton,-33.65,115.3333,50.09,61.0,97.0,16.42,AU,1627039372.0
atuona,-9.8,-139.0333,76.68,76.0,64.0,10.42,PF,1627039372.0
kamenka,51.3223,42.7678,77.88,33.0,0.0,7.94,RU,1627039372.0
castro,-24.7911,-50.0119,46.33,77.0,0.0,3.44,BR,1627039372.0
kapaa,22.0752,-159.319,75.18,83.0,44.0,1.99,US,1627039373.0
hasaki,35.7333,140.8333,79.09,81.0,30.0,8.66,JP,1627039373.0
hobart,-42.8794,147.3294,49.26,69.0,40.0,4.0,AU,1627039221.0
mersing,2.4312,103.8405,78.71,89.0,93.0,4.61,MY,1627039373.0
ushuaia,-54.8,-68.3,37.06,70.0,20.0,4.61,AR,1627039246.0
coahuayana,18.7333,-103.6833,77.02,89.0,100.0,3.78,MX,1627039373.0
canutama,-6.5339,-64.3831,69.6,72.0,6.0,3.22,BR,1627039374.0
bluff,-46.6,168.3333,46.8,81.0,90.0,12.62,NZ,1627039374.0
new norfolk,-42.7826,147.0587,48.58,65.0,50.0,3.0,AU,1627039374.0
rikitea,-23.1203,-134.9692,73.06,79.0,16.0,19.17,PF,1627039210.0
arraial do cabo,-22.9661,-42.0278,64.36,88.0,20.0,2.3,BR,1627039374.0
mataura,-46.1927,168.8643,46.47,94.0,54.0,3.29,NZ,1627039375.0
gambela,8.25,34.5833,86.83,57.0,76.0,4.79,ET,1627039375.0
fortuna,40.5982,-124.1573,56.48,90.0,90.0,0.0,US,1627039375.0
aklavik,68.2191,-135.0107,52.52,92.0,32.0,10.6,CA,1627039375.0
bredasdorp,-34.5322,20.0403,58.32,51.0,3.0,11.5,ZA,1627039376.0
akonolinga,3.7667,12.25,79.09,70.0,86.0,4.32,CM,1627039376.0
half moon bay,37.4636,-122.4286,58.44,89.0,1.0,0.0,US,1627039376.0
lompoc,34.6391,-120.4579,60.48,89.0,90.0,3.44,US,1627039148.0
port-gentil,-0.7193,8.7815,80.56,69.0,90.0,12.66,GA,1627039376.0
padang,-0.9492,100.3543,84.25,78.0,53.0,2.57,ID,1627039377.0
qaanaaq,77.484,-69.3632,39.47,70.0,22.0,5.01,GL,1627039377.0
havelock,34.8791,-76.9013,77.94,84.0,40.0,3.44,US,1627039377.0
cayenne,4.9333,-52.3333,78.1,90.0,0.0,0.0,GF,1627039311.0
puerto ayora,-0.7393,-90.3518,72.55,82.0,93.0,5.99,EC,1627039377.0
barrow,71.2906,-156.7887,35.62,93.0,90.0,13.8,US,1627039377.0
avarua,-21.2078,-159.775,73.45,94.0,75.0,5.75,CK,1627039378.0
port augusta,-32.5,137.7667,51.94,75.0,99.0,12.03,AU,1627039378.0
port elizabeth,-33.918,25.5701,55.69,50.0,90.0,5.75,ZA,1627039378.0
coihueco,-36.6167,-71.8333,41.74,73.0,90.0,4.61,CL,1627039379.0
jamestown,42.097,-79.2353,62.71,94.0,90.0,1.01,US,1627039302.0
ponta do sol,32.6667,-17.1,79.72,64.0,8.0,3.71,PT,1627039379.0
georgetown,5.4112,100.3354,87.89,74.0,20.0,6.91,MY,1627039379.0
butaritari,3.0707,172.7902,82.87,79.0,53.0,16.15,KI,1627039379.0
thompson,55.7435,-97.8558,68.16,83.0,75.0,8.05,CA,1627039379.0
sadon,42.8518,44.0037,69.35,78.0,65.0,2.84,RU,1627039380.0
pangoa,-12.1167,-73.0,62.13,88.0,0.0,2.89,PE,1627039380.0
pachino,36.7186,15.0907,93.6,64.0,0.0,6.87,IT,1627039380.0
grindavik,63.8424,-22.4338,57.15,100.0,90.0,12.66,IS,1627039380.0
dikson,73.5069,80.5464,38.82,90.0,100.0,12.24,RU,1627039381.0
sambava,-14.2667,50.1667,75.56,67.0,7.0,15.32,MG,1627039381.0
koungou,-12.7336,45.2042,82.11,61.0,75.0,11.5,YT,1627039381.0
syracuse,37.0881,15.2792,93.61,69.0,0.0,10.11,IT,1627039381.0
east london,-33.0153,27.9116,54.54,71.0,20.0,17.27,ZA,1627039382.0
bonthe,7.5264,-12.505,75.85,92.0,100.0,7.63,SL,1627039382.0
caetite,-14.0694,-42.475,61.18,78.0,52.0,14.99,BR,1627039382.0
kahului,20.8947,-156.47,76.84,90.0,1.0,11.5,US,1627039382.0
qaqortoq,60.7167,-46.0333,46.9,88.0,85.0,7.25,GL,1627039383.0
isla vista,34.4133,-119.861,63.01,88.0,1.0,4.61,US,1627039383.0
biberach,48.0934,9.7905,81.9,57.0,0.0,2.73,DE,1627039383.0
port hardy,50.6996,-127.4199,55.58,94.0,90.0,0.0,CA,1627039383.0
svetlaya,46.5389,138.3297,71.56,89.0,100.0,5.08,RU,1627039384.0
cape town,-33.9258,18.4232,60.28,43.0,0.0,3.44,ZA,1627039267.0
albany,42.6001,-73.9662,63.52,82.0,42.0,4.23,US,1627039105.0
beeville,28.4008,-97.7483,81.95,100.0,90.0,6.91,US,1627039384.0
souillac,-20.5167,57.5167,77.38,61.0,75.0,16.11,MU,1627039384.0
honiara,-9.4333,159.95,78.12,88.0,21.0,6.06,SB,1627039384.0
shenzhen,22.5455,114.0683,90.21,86.0,33.0,8.86,CN,1627038982.0
beloha,-25.1667,45.05,69.84,68.0,33.0,16.2,MG,1627039385.0
yulara,-25.2406,130.9889,57.04,33.0,2.0,6.91,AU,1627039385.0
nome,64.5011,-165.4064,42.87,87.0,90.0,5.75,US,1627039385.0
klaksvik,62.2266,-6.589,56.32,92.0,100.0,16.2,FO,1627039385.0
quatre cocos,-20.2078,57.7625,77.11,64.0,10.0,14.54,MU,1627039386.0
hofn,64.2539,-15.2082,53.62,100.0,90.0,4.61,IS,1627039386.0
tasiilaq,65.6145,-37.6368,41.16,97.0,100.0,0.72,GL,1627039386.0
katsuura,35.1333,140.3,84.11,85.0,17.0,7.58,JP,1627039386.0
hilo,19.7297,-155.09,73.13,94.0,90.0,5.75,US,1627039387.0
tokat,40.4167,36.5833,66.36,53.0,79.0,15.7,TR,1627039387.0
guerrero negro,27.9769,-114.0611,69.13,84.0,4.0,6.6,MX,1627039387.0
surt,31.2089,16.5887,84.29,51.0,0.0,11.65,LY,1627039387.0
evensk,61.95,159.2333,49.57,99.0,100.0,2.04,RU,1627039387.0
datong,40.0936,113.2914,81.16,52.0,78.0,8.23,CN,1627039388.0
ratnagiri,16.9833,73.3,81.7,86.0,100.0,20.49,IN,1627039388.0
nanortalik,60.1432,-45.2371,42.8,89.0,71.0,11.01,GL,1627039388.0
ouricuri,-7.8825,-40.0817,68.45,75.0,36.0,11.74,BR,1627039388.0
inyonga,-6.7167,32.0667,82.76,28.0,84.0,4.36,TZ,1627039389.0
luderitz,-26.6481,15.1594,72.91,19.0,0.0,7.18,NA,1627039389.0
alofi,-19.0595,-169.9187,75.09,100.0,8.0,8.05,NU,1627039389.0
egvekinot,66.3167,-179.1667,40.66,95.0,66.0,5.28,RU,1627039389.0
bengkulu,-3.8004,102.2655,80.82,76.0,35.0,3.53,ID,1627039340.0
lagunas,-5.2269,-75.6753,66.45,85.0,53.0,0.72,PE,1627039390.0
upernavik,72.7868,-56.1549,40.05,97.0,100.0,7.65,GL,1627039390.0
krapivinskiy,54.9992,86.8133,80.24,53.0,100.0,7.36,RU,1627039390.0
ginda,30.6945,78.4932,78.84,66.0,82.0,1.39,IN,1627039390.0
severo-kurilsk,50.6789,156.125,53.26,95.0,99.0,5.57,RU,1627039390.0
marzuq,14.4,46.4667,90.36,35.0,21.0,19.84,YE,1627039391.0
vaini,-21.2,-175.2,73.56,100.0,40.0,4.61,TO,1627039391.0
richards bay,-28.783,32.0377,62.58,48.0,29.0,20.15,ZA,1627039391.0
rawicz,51.6095,16.8585,77.58,48.0,96.0,3.74,PL,1627039391.0
tuktoyaktuk,69.4541,-133.0374,42.87,83.0,72.0,13.78,CA,1627039392.0
ribeira grande,38.5167,-28.7,72.0,83.0,75.0,5.75,PT,1627039392.0
nikolskoye,59.7035,30.7861,67.39,49.0,81.0,9.48,RU,1627039392.0
olesnica,51.2134,17.3899,79.52,46.0,96.0,1.97,PL,1627039392.0
comodoro rivadavia,-45.8667,-67.5,44.46,53.0,0.0,20.71,AR,1627039342.0
sao filipe,14.8961,-24.4956,73.09,77.0,15.0,9.55,CV,1627039392.0
gao,16.6362,1.637,95.74,34.0,91.0,13.24,ML,1627039361.0
ustka,54.5805,16.8619,70.52,58.0,5.0,11.21,PL,1627039393.0
saint anthony,45.0205,-93.218,75.83,77.0,90.0,1.99,US,1627039393.0
guanica,17.9716,-66.908,83.25,85.0,15.0,1.99,PR,1627039393.0
luanda,-8.8368,13.2343,75.54,66.0,54.0,8.86,AO,1627039177.0
vallenar,-28.5708,-70.7581,53.19,62.0,41.0,2.01,CL,1627039394.0
cidreira,-30.1811,-50.2056,56.8,84.0,9.0,6.67,BR,1627039394.0
moirang,24.5,93.7667,75.25,94.0,100.0,1.34,IN,1627039394.0
narsaq,60.9167,-46.05,46.62,88.0,94.0,5.77,GL,1627039394.0
airai,-8.9266,125.4092,55.89,74.0,7.0,2.59,TL,1627039395.0
awbari,26.5921,12.7805,93.34,21.0,0.0,8.1,LY,1627039395.0
phangnga,8.4509,98.5298,88.92,84.0,100.0,7.99,TH,1627039395.0
belmonte,-15.8631,-38.8828,66.7,77.0,86.0,11.92,BR,1627039395.0
stephenville,32.2207,-98.2023,75.2,89.0,75.0,6.91,US,1627039396.0
makokou,0.5738,12.8642,83.7,53.0,99.0,5.23,GA,1627039396.0
pacific grove,36.6177,-121.9166,57.31,89.0,90.0,1.01,US,1627039311.0
mpanda,-6.3655,31.0409,85.84,26.0,35.0,5.77,TZ,1627039396.0
torbay,47.6666,-52.7314,54.75,99.0,90.0,5.75,CA,1627039396.0
saint george,37.1041,-113.5841,76.62,82.0,1.0,1.01,US,1627039261.0
mogadishu,2.0371,45.3438,82.27,61.0,75.0,23.02,SO,1627039397.0
katherine,-14.4667,132.2667,70.12,56.0,9.0,0.0,AU,1627039397.0
cabo san lucas,22.8909,-109.9124,81.81,73.0,0.0,9.48,MX,1627039253.0
norman wells,65.282,-126.8329,57.24,94.0,75.0,10.36,CA,1627039397.0
saint-philippe,-21.3585,55.7679,76.59,70.0,9.0,12.75,RE,1627039397.0
amapa,1.0,-52.0,73.08,97.0,42.0,1.34,BR,1627039398.0
coruripe,-10.1256,-36.1756,75.43,79.0,83.0,13.89,BR,1627039359.0
dingle,10.9995,122.6711,79.77,76.0,100.0,12.35,PH,1627039398.0
vardo,70.3705,31.1107,48.4,81.0,75.0,25.32,NO,1627039398.0
komsomolskiy,40.4272,71.7189,99.32,16.0,0.0,6.91,UZ,1627039398.0
iquique,-20.2208,-70.1431,59.04,75.0,3.0,2.62,CL,1627039398.0
burnie,-41.0667,145.9167,50.92,84.0,100.0,8.23,AU,1627039399.0
ballina,-28.8667,153.5667,54.79,92.0,96.0,7.99,AU,1627039399.0
saskylakh,71.9167,114.0833,64.26,68.0,100.0,2.77,RU,1627039399.0
porto novo,6.4965,2.6036,84.02,59.0,98.0,11.88,BJ,1627039399.0
jacareacanga,-6.2222,-57.7528,74.53,70.0,51.0,1.01,BR,1627039400.0
yarmouth,41.7057,-70.2286,71.1,81.0,1.0,10.0,US,1627039400.0
bloemfontein,-29.1211,26.214,49.48,17.0,0.0,13.8,ZA,1627039400.0
sioux lookout,50.1001,-91.917,66.58,94.0,90.0,6.91,CA,1627039400.0
biasca,46.3597,8.9697,87.44,45.0,11.0,4.99,CH,1627039400.0
pevek,69.7008,170.3133,44.8,67.0,4.0,8.03,RU,1627039401.0
jiuquan,39.7432,98.5174,98.82,16.0,5.0,14.41,CN,1627039401.0
acajutla,13.5928,-89.8275,79.84,68.0,98.0,7.76,SV,1627039401.0
vila velha,-20.3297,-40.2925,64.35,94.0,75.0,5.75,BR,1627039401.0
nenzing,47.1386,9.6744,79.03,58.0,1.0,4.0,AT,1627039401.0
rawson,-43.3002,-65.1023,47.23,46.0,65.0,17.47,AR,1627039385.0
otukpo,7.1913,8.1329,81.82,65.0,100.0,6.49,NG,1627039402.0
faanui,-16.4833,-151.75,77.94,67.0,94.0,16.93,PF,1627039402.0
victoria,22.2855,114.1577,90.32,77.0,32.0,5.99,HK,1627039402.0
chake chake,-5.2459,39.7666,82.38,55.0,36.0,14.0,TZ,1627039402.0
mar del plata,-38.0023,-57.5575,55.99,70.0,83.0,11.99,AR,1627039292.0
okoneshnikovo,54.8377,75.0834,83.35,37.0,0.0,2.01,RU,1627039403.0
shingu,33.7333,135.9833,75.99,90.0,87.0,2.91,JP,1627039403.0
mandalgovi,45.7625,106.2708,78.15,22.0,100.0,3.85,MN,1627039403.0
young,-32.6833,-57.6333,51.22,91.0,11.0,7.61,UY,1627039403.0
dunmore town,25.5,-76.65,81.73,79.0,97.0,9.98,BS,1627039404.0
touros,-5.1989,-35.4608,77.9,70.0,3.0,15.99,BR,1627039404.0
pochutla,15.7432,-96.4661,78.62,81.0,47.0,4.45,MX,1627039404.0
finnsnes,69.2296,17.9811,52.41,83.0,100.0,7.05,NO,1627039404.0
port alfred,-33.5906,26.891,54.9,63.0,95.0,12.77,ZA,1627039405.0
verkhnevilyuysk,63.4453,120.3167,66.85,76.0,100.0,7.63,RU,1627039405.0
butembo,0.15,29.2833,68.52,71.0,81.0,2.3,CD,1627039405.0
mlonggo,-6.5333,110.7,84.09,70.0,58.0,10.69,ID,1627039405.0
medea,36.2642,2.7539,77.45,14.0,0.0,4.29,DZ,1627039406.0
ilulissat,69.2167,-51.1,44.62,93.0,75.0,4.61,GL,1627039406.0
sao mateus do sul,-25.8742,-50.3828,45.43,78.0,2.0,0.43,BR,1627039406.0
bethel,41.3712,-73.414,67.19,83.0,1.0,0.0,US,1627039333.0
navoi,40.0844,65.3792,101.68,10.0,0.0,2.3,UZ,1627039406.0
los llanos de aridane,28.6585,-17.9182,72.12,81.0,20.0,19.57,ES,1627039406.0
mazagao,-0.115,-51.2894,80.65,91.0,21.0,1.57,BR,1627039407.0
george town,5.4112,100.3354,87.89,74.0,20.0,6.91,MY,1627039379.0
tongren,27.7172,109.1853,83.03,75.0,20.0,4.59,CN,1627039407.0
cabuyaro,4.2817,-72.794,69.94,98.0,100.0,4.41,CO,1627039407.0
buraydah,26.326,43.975,113.45,7.0,1.0,10.87,SA,1627039407.0
ayolas,-27.4,-56.9,56.66,61.0,0.0,7.16,PY,1627039408.0
tiksi,71.6872,128.8694,43.2,75.0,100.0,3.13,RU,1627039408.0
te anau,-45.4167,167.7167,41.74,93.0,81.0,2.77,NZ,1627039408.0
chokurdakh,70.6333,147.9167,44.8,66.0,3.0,12.24,RU,1627039408.0
katangli,51.7102,143.2326,61.74,94.0,38.0,7.72,RU,1627039408.0
sardinata,8.0829,-72.8007,80.28,78.0,95.0,3.27,CO,1627039409.0
san jeronimo,-11.9472,-75.2829,39.4,83.0,2.0,0.13,PE,1627039409.0
damietta,31.4165,31.8133,87.69,60.0,27.0,21.09,EG,1627039409.0
woodburn,45.1437,-122.8554,59.09,76.0,1.0,1.01,US,1627039409.0
cururupu,-1.8283,-44.8683,77.02,90.0,46.0,5.53,BR,1627039410.0
leningradskiy,69.3833,178.4167,33.58,94.0,18.0,9.17,RU,1627039410.0
westport,41.1415,-73.3579,69.75,73.0,1.0,1.01,US,1627039403.0
mgandu,-5.95,34.1333,77.85,32.0,16.0,10.6,TZ,1627039410.0
urengoy,65.9667,78.3667,63.34,83.0,100.0,14.9,RU,1627039410.0
taoudenni,22.6783,-3.9836,107.11,18.0,0.0,6.76,ML,1627039411.0
lashio,22.9333,97.75,74.08,97.0,84.0,3.22,MM,1627039411.0
hithadhoo,-0.6,73.0833,82.02,77.0,99.0,16.87,MV,1627039411.0
berlevag,70.8578,29.0864,46.35,81.0,75.0,23.02,NO,1627039411.0
san quintin,30.4833,-115.95,67.86,90.0,67.0,5.82,MX,1627039411.0
quelimane,-17.8786,36.8883,78.75,69.0,75.0,10.36,MZ,1627039412.0
cortez,37.3489,-108.5859,64.42,92.0,90.0,5.75,US,1627039412.0
rodrigues alves,-7.738,-72.6509,63.01,77.0,46.0,1.54,BR,1627039412.0
staraya poltavka,50.4772,46.4814,80.92,33.0,99.0,10.76,RU,1627039412.0
lorengau,-2.0226,147.2712,81.68,81.0,63.0,8.37,PG,1627039413.0
lebu,-37.6167,-73.65,50.83,91.0,100.0,14.9,CL,1627039413.0
cherskiy,68.75,161.3,49.73,70.0,83.0,8.88,RU,1627039413.0
barranca,-10.75,-77.7667,61.9,84.0,88.0,7.18,PE,1627039413.0
chillicothe,39.3331,-82.9824,63.63,98.0,1.0,0.0,US,1627039414.0
aripuana,-9.1667,-60.6333,66.18,61.0,0.0,2.68,BR,1627039414.0
bluefields,12.0137,-83.7635,77.31,89.0,72.0,10.54,NI,1627039414.0
helong,42.5397,128.9972,79.3,78.0,98.0,1.9,CN,1627039414.0
kiunga,-6.1219,141.2906,74.03,98.0,94.0,1.97,PG,1627039414.0
puro,12.4841,123.3827,82.31,79.0,100.0,24.47,PH,1627039415.0
itarema,-2.9248,-39.9167,80.02,55.0,35.0,16.75,BR,1627039415.0
robore,-18.3333,-59.75,51.89,87.0,0.0,0.0,BO,1627039415.0
strezhevoy,60.7333,77.5889,85.98,40.0,8.0,16.13,RU,1627039415.0
ancud,-41.8697,-73.8203,35.13,85.0,4.0,4.32,CL,1627039416.0
port hedland,-20.3167,118.5667,71.65,68.0,89.0,8.05,AU,1627039416.0
carbonia,39.1672,8.5222,95.95,31.0,0.0,8.48,IT,1627039416.0
ust-kut,56.7938,105.7672,67.78,73.0,87.0,6.2,RU,1627039416.0
vila,42.0304,-8.1588,66.74,76.0,56.0,10.65,PT,1627039417.0
bubaque,11.2833,-15.8333,80.02,82.0,68.0,8.97,GW,1627039417.0
coquimbo,-29.9533,-71.3436,49.73,93.0,90.0,0.0,CL,1627039417.0
usakos,-22.0,15.6,76.28,7.0,0.0,15.61,NA,1627039417.0
altay,47.8667,88.1167,88.2,27.0,29.0,9.42,CN,1627039417.0
carnarvon,-24.8667,113.6333,64.47,66.0,23.0,9.22,AU,1627039418.0
salalah,17.0151,54.0924,82.49,83.0,90.0,11.5,OM,1627039418.0
bathsheba,13.2167,-59.5167,83.01,78.0,20.0,18.41,BB,1627039418.0
boden,65.8252,21.6886,60.8,39.0,75.0,4.03,SE,1627039418.0
indramayu,-6.3264,108.32,82.83,71.0,55.0,9.71,ID,1627039419.0
reshetylivka,49.565,34.0782,77.58,34.0,0.0,10.76,UA,1627039419.0
khatanga,71.9667,102.5,58.28,85.0,100.0,9.26,RU,1627039419.0
lano,10.1725,11.4715,77.32,77.0,100.0,10.78,NG,1627039419.0
kang,-23.6752,22.7876,58.6,15.0,0.0,8.61,BW,1627039420.0
pangkalanbuun,-2.6833,111.6167,80.11,80.0,90.0,4.74,ID,1627039420.0
viedma,-40.8135,-62.9967,50.79,60.0,100.0,9.73,AR,1627039420.0
sehnde,52.3139,9.9682,74.21,61.0,4.0,3.83,DE,1627039420.0
pozo colorado,-23.4923,-58.7972,59.47,27.0,0.0,6.17,PY,1627039421.0
aksu,41.1231,80.2644,88.74,29.0,0.0,3.02,CN,1627039421.0
nchelenge,-9.3451,28.734,80.53,40.0,5.0,9.55,ZM,1627039421.0
vao,-22.6667,167.4833,70.21,75.0,100.0,10.04,NC,1627039421.0
fukue,32.6881,128.8419,81.09,78.0,100.0,7.81,JP,1627039422.0
elmira,42.0898,-76.8077,61.74,95.0,1.0,0.0,US,1627039304.0
peniche,39.3558,-9.3811,79.74,80.0,95.0,7.31,PT,1627039422.0
mitsamiouli,-11.3847,43.2844,79.14,63.0,4.0,8.12,KM,1627039422.0
sao joao da barra,-21.6403,-41.0511,66.29,75.0,67.0,4.41,BR,1627039422.0
kimbe,-5.5502,150.1429,76.68,94.0,100.0,4.34,PG,1627039423.0
tokaj,48.1167,21.4167,78.89,37.0,41.0,2.84,HU,1627039423.0
callaway,30.153,-85.5699,81.97,90.0,1.0,1.99,US,1627039423.0
provideniya,64.3833,-173.3,46.92,77.0,80.0,1.97,RU,1627039423.0
zaysan,47.4667,84.8667,87.58,28.0,0.0,16.11,KZ,1627039423.0
yerbogachen,61.2767,108.0108,74.93,39.0,36.0,7.09,RU,1627039424.0
kaitangata,-46.2817,169.8464,43.93,79.0,30.0,5.66,NZ,1627039424.0
codrington,-38.2667,141.9667,47.39,83.0,99.0,13.82,AU,1627039424.0
cooma,-36.2333,149.1333,38.77,98.0,100.0,2.73,AU,1627039424.0
matay,28.419,30.7792,98.92,19.0,0.0,16.31,EG,1627039425.0
muzhi,65.3667,64.6667,48.47,94.0,100.0,18.1,RU,1627039425.0
kavieng,-2.5744,150.7967,82.47,76.0,55.0,10.54,PG,1627039425.0
chinsali,-10.5414,32.0816,80.47,26.0,5.0,10.04,ZM,1627039425.0
haines junction,60.7522,-137.5108,37.35,93.0,17.0,1.14,CA,1627039426.0
rajshahi,24.3667,88.6,86.63,75.0,99.0,12.19,BD,1627039426.0
pimentel,-6.8367,-79.9342,66.49,84.0,90.0,4.0,PE,1627039426.0
sept-iles,50.2001,-66.3821,65.25,69.0,75.0,1.01,CA,1627039389.0
tirat karmel,32.7617,34.9719,94.03,58.0,40.0,13.8,IL,1627039426.0
lagoa,39.05,-27.9833,69.28,89.0,94.0,14.0,PT,1627039427.0
talnakh,69.4865,88.3972,64.4,39.0,93.0,7.0,RU,1627039427.0
mandal,25.45,74.5667,80.29,74.0,100.0,3.09,IN,1627039427.0
albi,43.9298,2.148,96.46,44.0,73.0,4.0,FR,1627039427.0
palapye,-22.546,27.1251,63.27,16.0,0.0,9.31,BW,1627039427.0
pangnirtung,66.1451,-65.7125,44.6,93.0,90.0,2.3,CA,1627039428.0
porto velho,-8.7619,-63.9039,69.85,94.0,0.0,2.3,BR,1627039428.0
atar,20.5169,-13.0499,92.53,26.0,2.0,4.85,MR,1627039428.0
cacule,-14.5033,-42.2222,64.99,65.0,34.0,10.63,BR,1627039428.0
clyde river,70.4692,-68.5914,32.23,100.0,90.0,16.11,CA,1627039194.0
maceio,-9.6658,-35.7353,76.44,83.0,75.0,10.36,BR,1627039429.0
bull savanna,17.8868,-77.5902,74.34,79.0,15.0,7.67,JM,1627039429.0
ngunguru,-35.6167,174.5,46.17,87.0,7.0,5.64,NZ,1627039429.0
port keats,-14.25,129.55,72.9,68.0,4.0,6.73,AU,1627039429.0
sitka,57.0531,-135.33,60.69,63.0,90.0,13.8,US,1627039429.0
ola,59.5833,151.2833,52.57,92.0,100.0,3.74,RU,1627039430.0
dhidhdhoo,6.8833,73.1,83.12,77.0,100.0,17.72,MV,1627039430.0
pederneiras,-22.3517,-48.775,56.98,72.0,0.0,5.61,BR,1627039430.0
zhigansk,66.7697,123.3711,67.19,56.0,100.0,6.04,RU,1627039430.0
kyabe,9.4515,18.9449,84.69,59.0,58.0,6.98,TD,1627039431.0
laguna,38.421,-121.4238,75.22,70.0,1.0,1.99,US,1627039431.0
tondon,10.3667,-13.35,78.98,88.0,96.0,3.11,GN,1627039431.0
livingstone,-17.8419,25.8543,74.52,13.0,100.0,9.24,ZM,1627039431.0
gejiu,23.306,103.1635,62.26,92.0,100.0,1.66,CN,1627039432.0
dubbo,-32.25,148.6167,48.33,100.0,90.0,4.61,AU,1627039432.0
batticaloa,7.7102,81.6924,89.69,50.0,100.0,22.41,LK,1627039432.0
durazno,-33.4131,-56.5006,44.55,93.0,8.0,4.61,UY,1627039432.0
killybegs,54.6333,-8.45,76.71,59.0,72.0,3.49,IE,1627039432.0
pemba,-12.974,40.5178,81.3,74.0,20.0,20.71,MZ,1627039433.0
portland,45.5234,-122.6762,59.59,78.0,1.0,4.61,US,1627039225.0
bambous virieux,-20.3428,57.7575,77.25,61.0,75.0,16.11,MU,1627039433.0
mahebourg,-20.4081,57.7,77.29,61.0,75.0,16.11,MU,1627039433.0
mackenzie,55.2999,-123.1698,46.62,87.0,1.0,2.3,CA,1627039433.0
trapani,37.8333,12.6667,92.28,74.0,0.0,12.66,IT,1627039434.0
bayan,46.0833,127.4,80.51,74.0,8.0,7.74,CN,1627039434.0
naze,28.3667,129.4833,77.52,91.0,100.0,27.11,JP,1627039434.0
calamar,10.2511,-74.9146,78.75,77.0,100.0,7.9,CO,1627039434.0
flinders,-34.5833,150.8552,54.81,87.0,100.0,1.01,AU,1627039435.0
bastia,42.6667,9.3333,83.3,75.0,20.0,1.01,FR,1627039435.0
alice springs,-23.7,133.8833,58.55,33.0,1.0,0.0,AU,1627039435.0
krasnoarmeysk,51.0239,45.6969,76.3,36.0,7.0,11.21,RU,1627039435.0
karpogory,64.0019,44.4451,59.29,41.0,97.0,8.52,RU,1627039435.0
pisco,-13.7,-76.2167,62.65,77.0,90.0,3.44,PE,1627039436.0
suclayin,15.7568,121.5503,78.91,91.0,100.0,9.42,PH,1627039436.0
north platte,41.1239,-100.7654,69.03,73.0,1.0,5.75,US,1627039436.0
balkanabat,39.5108,54.3671,106.97,9.0,0.0,3.6,TM,1627039436.0
faya,18.3851,42.4509,64.51,74.0,100.0,6.13,SA,1627039437.0
kosh-agach,50.0,88.6667,69.3,47.0,50.0,0.69,RU,1627039437.0
virginia beach,36.8529,-75.978,70.02,86.0,40.0,3.44,US,1627039229.0
san ignacio,17.1561,-89.0714,75.34,94.0,0.0,0.0,BZ,1627039437.0
paragominas,-2.9667,-47.4833,73.51,69.0,1.0,5.68,BR,1627039437.0
kaeo,-35.1,173.7833,46.33,93.0,0.0,3.87,NZ,1627039438.0
namibe,-15.1961,12.1522,77.38,55.0,0.0,5.97,AO,1627039438.0
rocha,-34.4833,-54.3333,50.31,76.0,56.0,7.52,UY,1627039438.0
jalu,29.0331,21.5482,93.74,33.0,4.0,10.02,LY,1627039438.0
dharchula,29.85,80.5333,83.03,76.0,94.0,3.42,IN,1627039439.0
lucapa,-8.4192,20.7447,88.3,16.0,92.0,8.63,AO,1627039439.0
kinablangan,7.6947,126.5503,82.9,78.0,70.0,7.2,PH,1627039439.0
tomigusuku,26.185,127.675,80.73,94.0,75.0,33.38,JP,1627039439.0
san cristobal,7.7669,-72.225,73.58,98.0,95.0,4.38,VE,1627039440.0
ocho rios,18.4025,-77.1048,80.35,82.0,5.0,7.87,JM,1627039440.0
biak,-0.9131,122.8766,76.19,86.0,96.0,6.67,ID,1627039440.0
tver,56.8619,35.8931,69.58,49.0,44.0,14.09,RU,1627039440.0
kieta,-6.2167,155.6333,78.96,85.0,6.0,3.8,PG,1627039441.0
caravelas,-17.7125,-39.2481,71.58,63.0,100.0,10.31,BR,1627039441.0
ramsar,36.9226,50.6426,87.24,74.0,75.0,6.91,IR,1627039441.0
shizunai,42.3339,142.3669,68.74,94.0,61.0,5.79,JP,1627039441.0
marsh harbour,26.5412,-77.0636,81.3,76.0,100.0,10.38,BS,1627039442.0
namatanai,-3.6667,152.4333,79.66,81.0,76.0,7.72,PG,1627039442.0
chiredzi,-21.05,31.6667,70.93,34.0,43.0,10.49,ZW,1627039442.0
manta,-0.95,-80.7333,71.38,83.0,90.0,3.44,EC,1627039207.0
tessalit,20.1986,1.0114,95.83,29.0,94.0,5.61,ML,1627039442.0
bud,39.447,-86.1758,67.98,96.0,43.0,3.87,US,1627039442.0
lata,40.1629,-8.3327,79.48,48.0,99.0,6.73,PT,1627039443.0
chipiona,36.7366,-6.437,93.38,54.0,0.0,6.91,ES,1627039443.0
nantucket,41.2835,-70.0995,71.1,92.0,97.0,10.47,US,1627039293.0
hervey bay,-25.2986,152.8535,69.04,88.0,61.0,5.99,AU,1627039443.0
tame,6.461,-71.73,68.63,95.0,100.0,2.42,CO,1627039443.0
bradford,53.7939,-1.7521,76.93,62.0,75.0,6.91,GB,1627039444.0
bucerias,20.75,-105.3333,76.98,87.0,100.0,5.57,MX,1627039444.0
maku,39.2911,44.4521,85.84,36.0,31.0,7.18,IR,1627039444.0
poya,-21.35,165.15,69.39,84.0,83.0,4.43,NC,1627039444.0
yala,6.3333,101.25,82.35,79.0,98.0,5.17,TH,1627039445.0
kipini,-2.5257,40.5262,82.69,68.0,16.0,18.19,KE,1627039211.0
santa cruz,-17.8,-63.1667,62.26,62.0,0.0,5.75,BO,1627038873.0
santa lucia,27.9117,-15.5407,74.52,42.0,20.0,32.21,ES,1627039445.0
sorland,67.667,12.6934,50.14,86.0,100.0,12.44,NO,1627039445.0
belyy yar,53.6039,91.3903,78.69,53.0,0.0,8.95,RU,1627039445.0
pandan,14.0453,124.1694,82.58,79.0,100.0,15.77,PH,1627039446.0
zalantun,48.0,122.7167,76.71,84.0,76.0,9.84,CN,1627039446.0
spring hill,28.4769,-82.5255,84.81,93.0,20.0,0.0,US,1627039275.0
zheleznodorozhnyy,55.7503,38.0042,76.55,37.0,75.0,14.47,RU,1627039446.0
seminole,28.7086,-81.2081,79.99,94.0,1.0,5.75,US,1627039446.0
emerald,-23.5333,148.1667,67.98,30.0,15.0,11.36,AU,1627039447.0
esperance,-33.8667,121.9,54.73,70.0,91.0,27.69,AU,1627039447.0
winnemucca,40.973,-117.7357,60.85,29.0,1.0,0.0,US,1627039447.0
kastamonu,41.5,33.6667,64.42,56.0,81.0,9.1,TR,1627039447.0
guadalupe,25.6833,-100.25,80.65,88.0,90.0,4.61,MX,1627039209.0
lagoa da prata,-20.0225,-45.5436,58.78,70.0,0.0,2.06,BR,1627039448.0
hohhot,40.8106,111.6522,79.09,61.0,20.0,4.47,CN,1627039254.0
gabu,12.2833,-14.2167,82.99,73.0,67.0,5.59,GW,1627039448.0
ohara,35.25,140.3833,83.95,87.0,23.0,7.36,JP,1627039448.0
zadonsk,52.3904,38.9261,75.34,35.0,2.0,10.27,RU,1627039448.0
coihaique,-45.5752,-72.0662,35.55,87.0,0.0,4.61,CL,1627039448.0
fort nelson,58.8053,-122.7002,53.19,87.0,90.0,3.44,CA,1627039449.0
ponta delgada,37.7333,-25.6667,70.52,78.0,40.0,16.11,PT,1627039449.0
bilma,18.6853,12.9164,99.95,26.0,20.0,9.44,NE,1627039449.0
roma,43.2128,-75.4557,62.91,95.0,75.0,3.44,US,1627039280.0
marion,39.7684,-86.1555,68.34,92.0,20.0,3.44,US,1627039441.0
miandrivazo,-19.5167,45.4667,87.35,29.0,34.0,6.67,MG,1627039449.0
ixtapa,20.7,-105.2,74.73,93.0,100.0,4.32,MX,1627039450.0
tambovka,50.0969,128.0489,80.71,66.0,15.0,12.59,RU,1627039450.0
shimoda,34.6667,138.95,76.1,84.0,71.0,4.68,JP,1627039450.0
payson,40.0444,-111.7321,71.78,82.0,100.0,6.91,US,1627039450.0
chengde,40.9725,117.9361,76.53,82.0,84.0,3.04,CN,1627039451.0
khorramshahr,30.4397,48.1664,116.55,15.0,0.0,16.11,IR,1627039451.0
bogande,12.9714,-0.1436,90.32,44.0,53.0,12.35,BF,1627039451.0
gillette,44.2911,-105.5022,66.81,75.0,1.0,4.61,US,1627039451.0
kurchum,48.5722,83.6542,86.95,33.0,28.0,10.45,KZ,1627039451.0
humberto de campos,-2.5983,-43.4611,75.24,87.0,52.0,7.56,BR,1627039452.0
sehithwa,-20.4667,22.7167,67.39,8.0,0.0,8.68,BW,1627039452.0
tabou,4.423,-7.3528,78.55,75.0,83.0,10.56,CI,1627039452.0
nizhneangarsk,55.7833,109.55,53.2,88.0,91.0,2.62,RU,1627039452.0
ilinskiy,55.619,38.1182,76.71,33.0,0.0,13.42,RU,1627039453.0
jackson,42.4165,-122.8345,57.07,62.0,1.0,3.44,US,1627039453.0
ino,33.55,133.4333,78.33,92.0,94.0,0.2,JP,1627039453.0
miracema do tocantins,-9.5618,-48.3967,76.42,47.0,24.0,9.91,BR,1627039453.0
isfana,39.8386,69.5306,88.36,21.0,1.0,8.25,KG,1627039454.0
nowe miasto lubawskie,53.4208,19.5952,73.04,50.0,24.0,7.29,PL,1627039454.0
sechura,-5.5569,-80.8222,62.87,87.0,61.0,10.04,PE,1627039454.0
manukan,8.5333,123.1,82.08,81.0,99.0,11.32,PH,1627039454.0
derzhavinsk,51.1,66.3167,93.63,22.0,3.0,8.23,KZ,1627039455.0
ulladulla,-35.35,150.4667,50.09,91.0,100.0,3.11,AU,1627039455.0
buin,-33.7333,-70.75,51.06,54.0,82.0,2.37,CL,1627039455.0
gushikawa,26.3544,127.8686,80.19,94.0,90.0,33.38,JP,1627039455.0
kayes,14.0,-11.0,88.59,51.0,86.0,10.74,ML,1627039455.0
labuhan,-6.8844,112.2051,81.73,71.0,17.0,5.86,ID,1627039456.0
imbituba,-28.24,-48.6703,58.89,68.0,19.0,11.01,BR,1627039456.0
strzelce krajenskie,52.8773,15.5298,78.12,44.0,24.0,8.05,PL,1627039456.0
gladstone,-23.85,151.25,67.93,77.0,40.0,9.22,AU,1627039456.0
ostrovnoy,68.0531,39.5131,44.64,90.0,95.0,19.89,RU,1627039457.0
kharp,66.8014,65.8081,49.35,90.0,100.0,15.26,RU,1627039457.0
raychikhinsk,49.7838,129.4121,71.02,93.0,58.0,9.15,RU,1627039457.0
baykit,61.67,96.37,78.8,47.0,100.0,3.51,RU,1627039457.0
la rioja,42.25,-2.5,85.05,15.0,89.0,5.44,ES,1627039457.0
ust-omchug,61.15,149.6333,52.41,97.0,100.0,6.35,RU,1627039458.0
nadym,65.5333,72.5167,69.01,86.0,100.0,24.25,RU,1627039458.0
port moresby,-9.4431,147.1797,76.3,91.0,31.0,10.09,PG,1627039334.0
wewak,-3.5534,143.6268,79.68,88.0,90.0,10.04,PG,1627039458.0
fairbanks,64.8378,-147.7164,63.1,81.0,90.0,0.0,US,1627039448.0
zella-mehlis,50.65,10.65,74.82,50.0,26.0,1.41,DE,1627039458.0
alta floresta,-9.8756,-56.0861,68.32,52.0,3.0,3.33,BR,1627039459.0
nivala,63.9167,24.9667,55.69,39.0,69.0,11.5,FI,1627039459.0
sijunjung,-0.6876,100.9537,81.9,70.0,58.0,2.95,ID,1627039459.0
illapel,-31.6308,-71.1653,54.81,54.0,95.0,2.64,CL,1627039459.0
anadyr,64.75,177.4833,55.9,71.0,40.0,11.01,RU,1627039460.0
tortoli,39.9256,9.6572,93.97,31.0,0.0,2.3,IT,1627039460.0
kangaatsiaq,68.3065,-53.4641,39.36,95.0,100.0,13.87,GL,1627039460.0
buala,-8.145,159.5921,80.22,84.0,7.0,6.89,SB,1627039460.0
bulgan,48.8125,103.5347,74.77,71.0,94.0,3.47,MN,1627039460.0
waingapu,-9.6567,120.2641,75.94,68.0,7.0,12.06,ID,1627039461.0
el alto,-4.2714,-81.2147,62.64,84.0,18.0,10.49,PE,1627039461.0
campo gobierno,24.6536,-107.5411,80.2,89.0,0.0,3.36,MX,1627039461.0
arona,28.0996,-16.681,75.72,53.0,0.0,5.01,ES,1627039461.0
deniliquin,-35.5333,144.9667,46.99,96.0,100.0,3.13,AU,1627039462.0
kununurra,-15.7667,128.7333,75.18,53.0,11.0,10.36,AU,1627039462.0
bristol,41.8334,-71.1662,68.99,82.0,20.0,4.0,US,1627039462.0
savalou,7.9281,1.9756,84.0,59.0,98.0,7.38,BJ,1627039462.0
kelso,46.1468,-122.9084,58.89,88.0,1.0,0.0,US,1627039462.0
gomel,52.4345,30.9754,78.78,34.0,75.0,11.18,BY,1627039272.0
ketchikan,55.3422,-131.6461,54.07,94.0,90.0,9.22,US,1627039463.0
tera,14.0078,0.7531,91.0,43.0,74.0,13.58,NE,1627039463.0
kiruna,67.8557,20.2251,49.12,62.0,99.0,9.22,SE,1627039463.0
bangassou,4.7413,22.8184,92.35,39.0,22.0,3.83,CF,1627039463.0
antalaha,-14.9003,50.2788,76.53,62.0,12.0,12.75,MG,1627039464.0
shiyan,32.6475,110.7781,73.42,91.0,84.0,5.61,CN,1627039464.0
saint-francois,46.4154,3.9054,85.48,54.0,0.0,10.36,FR,1627039464.0
tiarei,-17.5333,-149.3333,71.62,68.0,1.0,14.09,PF,1627039464.0
ulaangom,49.9811,92.0667,84.72,25.0,97.0,5.21,MN,1627039465.0
atagay,55.1033,99.3875,77.74,43.0,0.0,8.37,RU,1627039465.0
vasilyevo,55.836,48.6582,75.87,38.0,4.0,10.13,RU,1627039465.0
amontada,-3.3617,-39.8317,81.88,42.0,27.0,9.15,BR,1627039465.0
quime,-16.9833,-67.2167,41.97,64.0,0.0,2.04,BO,1627039466.0
udachnyy,66.4167,112.4,73.42,35.0,83.0,8.46,RU,1627039466.0
castletown,53.0281,-9.0686,79.29,58.0,100.0,8.63,IE,1627039466.0
umarkhed,19.6,77.7,71.83,92.0,100.0,15.95,IN,1627039466.0
poronaysk,49.2167,143.1167,61.81,99.0,62.0,5.21,RU,1627039467.0
eureka,40.8021,-124.1637,56.75,78.0,6.0,2.37,US,1627039467.0
umm kaddadah,13.6017,26.6876,92.37,34.0,98.0,9.66,SD,1627039467.0
lovozero,68.005,35.0117,44.64,83.0,100.0,23.64,RU,1627039467.0
isangel,-19.55,169.2667,74.79,88.0,22.0,5.46,VU,1627039467.0
kurush,41.2841,47.8345,60.91,63.0,86.0,4.99,RU,1627039468.0
dwarahat,29.7833,79.4333,80.2,69.0,75.0,4.0,IN,1627039468.0
burns lake,54.2331,-125.7533,38.62,89.0,100.0,2.57,CA,1627039468.0
kemijarvi,66.7131,27.4306,52.0,51.0,88.0,11.65,FI,1627039468.0
iqaluit,63.7506,-68.5145,51.53,76.0,75.0,10.0,CA,1627039469.0
tuatapere,-46.1333,167.6833,46.81,89.0,88.0,6.46,NZ,1627039469.0
geraldton,-28.7667,114.6,64.13,82.0,40.0,6.91,AU,1627039469.0
tuy hoa,13.0833,109.3,83.39,67.0,100.0,17.27,VN,1627039342.0
staritsa,56.5075,34.9354,71.91,41.0,60.0,12.46,RU,1627039469.0
reconquista,-29.15,-59.65,56.61,58.0,0.0,8.5,AR,1627039470.0
vidim,56.4088,103.1106,72.19,54.0,39.0,7.94,RU,1627039470.0
hambantota,6.1241,81.1185,86.34,74.0,75.0,14.97,LK,1627039470.0
zinder,13.8072,8.9881,85.96,58.0,20.0,11.5,NE,1627039470.0
hualmay,-11.0964,-77.6139,61.48,87.0,62.0,8.66,PE,1627039470.0
chau doc,10.7,105.1167,83.08,73.0,97.0,11.81,VN,1627039471.0
brusyliv,50.2845,29.5263,77.11,46.0,2.0,8.75,UA,1627039471.0
lodwar,3.1191,35.5973,90.9,34.0,57.0,5.64,KE,1627039471.0
miquelon,47.0975,-56.3814,57.2,97.0,100.0,4.29,PM,1627039471.0
magnitka,55.3475,59.6961,69.53,57.0,99.0,4.38,RU,1627039472.0
valparaiso,-33.0393,-71.6273,52.48,90.0,90.0,0.0,CL,1627039193.0
barabai,-2.5833,115.3833,80.56,79.0,96.0,1.86,ID,1627039472.0
havre-saint-pierre,50.2334,-63.5986,59.36,94.0,90.0,3.44,CA,1627039472.0
kruisfontein,-34.0033,24.7314,51.89,66.0,87.0,4.27,ZA,1627039472.0
hamilton,39.1834,-84.5333,64.78,94.0,1.0,0.0,US,1627039473.0
zhezkazgan,47.8043,67.7144,92.66,20.0,0.0,8.61,KZ,1627039473.0
homer,59.6425,-151.5483,55.04,94.0,75.0,4.61,US,1627039473.0
dhanera,24.5167,72.0167,93.79,47.0,100.0,5.48,IN,1627039473.0
svetlyy,54.675,20.1347,73.45,61.0,26.0,9.48,RU,1627039474.0
cochabamba,-17.3895,-66.1568,49.8,56.0,0.0,0.0,BO,1627039380.0
krasnoselkup,65.7,82.4667,75.29,44.0,93.0,21.0,RU,1627039474.0
santiago del estero,-27.7951,-64.2615,55.78,50.0,0.0,5.37,AR,1627039231.0
sangar,63.9242,127.4739,67.87,67.0,100.0,0.69,RU,1627039474.0
constitucion,-35.3333,-72.4167,51.15,69.0,97.0,6.08,CL,1627039474.0
puksoozero,62.5903,40.6066,60.01,42.0,99.0,10.11,RU,1627039474.0
kuna,43.4918,-116.4201,66.4,40.0,1.0,6.91,US,1627039475.0
ahipara,-35.1667,173.1667,51.3,84.0,7.0,4.88,NZ,1627039475.0
prescott,34.54,-112.4685,70.36,75.0,90.0,5.01,US,1627039475.0
boyolangu,-8.1181,111.8935,75.81,84.0,63.0,8.9,ID,1627039475.0
manuk mangkaw,4.8,119.85,83.75,76.0,97.0,13.15,PH,1627039476.0
tete,-16.1564,33.5867,82.49,47.0,75.0,14.97,MZ,1627039476.0
arman,59.7,150.1667,53.1,97.0,100.0,0.45,RU,1627039476.0
riyadh,24.6877,46.7219,114.94,9.0,33.0,13.85,SA,1627039476.0
aykhal,66.0,111.5,71.65,34.0,67.0,6.78,RU,1627039477.0
aquiraz,-3.9014,-38.3911,79.18,65.0,7.0,13.33,BR,1627039477.0
atherton,53.5237,-2.4935,77.7,68.0,100.0,6.13,GB,1627039477.0
byron bay,-28.65,153.6167,58.95,93.0,100.0,8.95,AU,1627039298.0
cam ranh,11.9214,109.1591,89.56,58.0,40.0,1.14,VN,1627039477.0
nakhon phanom,17.3333,104.4167,80.4,95.0,100.0,11.95,TH,1627039477.0
nioro,13.35,-15.75,85.1,52.0,15.0,8.93,GM,1627039478.0
nabire,-3.3667,135.4833,78.33,87.0,95.0,4.25,ID,1627039478.0
najran,17.4924,44.1277,84.85,32.0,89.0,17.69,SA,1627039478.0
pidhorodna,48.107,30.8895,75.27,44.0,0.0,10.36,UA,1627039478.0
felipe carrillo puerto,19.5833,-88.05,73.89,99.0,98.0,2.77,MX,1627039479.0
devils lake,48.1128,-98.8651,75.94,83.0,90.0,1.01,US,1627039479.0
chingirlau,51.095,54.0814,74.89,62.0,100.0,15.57,KZ,1627039479.0
puerto cabezas,14.0351,-83.3888,77.09,88.0,100.0,10.42,NI,1627039479.0
vestmannaeyjar,63.4427,-20.2734,54.59,94.0,90.0,16.11,IS,1627039480.0
baiyin,36.5583,104.2081,88.68,30.0,4.0,16.15,CN,1627039480.0
nenagh,52.8619,-8.1967,80.2,61.0,100.0,7.65,IE,1627039480.0
taltal,-25.4,-70.4833,54.48,73.0,27.0,2.51,CL,1627039480.0
fez,34.0372,-4.9998,102.45,19.0,0.0,4.61,MA,1627039480.0
mnogovershinnyy,53.9353,139.9242,66.07,72.0,79.0,4.32,RU,1627039481.0
pushkar,26.5,74.55,83.55,70.0,100.0,8.86,IN,1627039481.0
salinas,36.6777,-121.6555,57.72,85.0,90.0,4.61,US,1627039481.0
tecolutla,20.4833,-97.0167,74.77,92.0,9.0,6.17,MX,1627039482.0
san patricio,28.017,-97.5169,84.09,90.0,3.0,8.63,US,1627039482.0
sawai madhopur,25.9833,76.3667,84.25,70.0,93.0,8.14,IN,1627039482.0
bushehr,28.9684,50.8385,104.02,60.0,0.0,16.11,IR,1627039482.0
mirador,-6.3708,-44.3631,77.68,52.0,2.0,13.04,BR,1627039483.0
bojnurd,37.4747,57.329,98.55,16.0,20.0,4.61,IR,1627039483.0
palmer,42.1584,-72.3287,65.66,81.0,40.0,0.0,US,1627039382.0
muroto,33.2833,134.15,78.84,87.0,98.0,8.19,JP,1627039483.0
kashira,54.8444,38.1669,74.41,53.0,61.0,11.36,RU,1627039483.0
anchorage,61.2181,-149.9003,60.85,73.0,90.0,1.99,US,1627039484.0
zhuji,29.7188,120.2423,79.9,96.0,33.0,11.45,CN,1627039484.0
dzilam gonzalez,21.2833,-88.9333,74.37,97.0,28.0,2.3,MX,1627039484.0
dongsheng,39.8161,109.9776,80.2,43.0,17.0,13.67,CN,1627039484.0
poum,-20.2333,164.0167,71.58,79.0,81.0,11.48,NC,1627039484.0
ambilobe,-13.2,49.05,89.17,23.0,7.0,6.89,MG,1627039485.0
shelburne,44.0787,-80.2041,57.09,86.0,35.0,3.58,CA,1627039485.0
la ronge,55.1001,-105.2842,52.02,87.0,20.0,6.91,CA,1627039485.0
cozumel,20.5083,-86.9458,80.58,86.0,94.0,10.18,MX,1627039485.0
isla mujeres,21.2311,-86.731,80.65,85.0,78.0,11.52,MX,1627039486.0
uvinza,-5.1036,30.3911,89.24,22.0,3.0,5.66,TZ,1627039486.0
shache,38.4167,77.2406,91.72,20.0,0.0,10.49,CN,1627039486.0
lethem,3.3803,-59.7968,75.16,89.0,92.0,4.27,GY,1627039486.0
noumea,-22.2763,166.4572,72.0,99.0,87.0,7.83,NC,1627039487.0
melfi,40.9965,15.6514,89.49,23.0,0.0,8.86,IT,1627039487.0
yining,29.0361,114.5636,81.68,82.0,41.0,5.17,CN,1627039487.0
markova,48.6758,24.4138,74.79,61.0,52.0,5.48,UA,1627039487.0
teya,60.3778,92.6267,80.26,45.0,93.0,1.77,RU,1627039487.0
pokhara,28.2333,83.9833,84.06,74.0,76.0,3.58,NP,1627039488.0
antsohihy,-14.8796,47.9875,91.09,22.0,4.0,11.88,MG,1627039488.0
beira,-19.8436,34.8389,75.29,64.0,20.0,16.11,MZ,1627039488.0
qasigiannguit,68.8193,-51.1922,44.85,96.0,100.0,7.18,GL,1627039488.0
nanning,22.8167,108.3167,90.05,81.0,29.0,7.96,CN,1627039489.0
balaguer,41.7912,0.8109,102.16,32.0,5.0,8.28,ES,1627039489.0
logten,56.2746,10.3118,67.89,63.0,75.0,3.44,DK,1627039489.0
santo tomas,14.1079,121.1414,79.38,91.0,100.0,10.22,PH,1627039489.0
svetlogorsk,52.6333,29.7333,75.42,45.0,40.0,9.51,BY,1627039489.0
etchojoa,26.9167,-109.6333,82.94,73.0,96.0,6.6,MX,1627039490.0
sistranda,63.7256,8.834,58.96,81.0,82.0,5.37,NO,1627039490.0
tilichiki,60.4667,166.1,47.7,96.0,66.0,5.08,RU,1627039490.0
lima,-12.0432,-77.0282,59.9,86.0,90.0,6.91,PE,1627039490.0
wenling,28.3669,121.36,77.92,93.0,98.0,17.16,CN,1627039491.0
camalu,30.85,-116.0667,67.98,90.0,68.0,3.98,MX,1627039491.0
toamasina,-18.1667,49.3833,77.0,69.0,40.0,4.61,MG,1627039491.0
wallaceburg,42.593,-82.3885,70.21,75.0,93.0,3.76,CA,1627039491.0
ailigandi,9.2333,-78.0167,80.73,84.0,100.0,4.54,PA,1627039492.0
vila franca do campo,37.7167,-25.4333,70.21,67.0,70.0,4.65,PT,1627039492.0
andenes,69.3143,16.1194,54.07,87.0,75.0,13.8,NO,1627039492.0
chapais,49.7834,-74.8492,55.18,64.0,9.0,2.66,CA,1627039492.0
mackay,-21.15,149.2,69.78,78.0,3.0,12.66,AU,1627039492.0
shakawe,-18.3667,21.85,71.83,7.0,46.0,8.34,BW,1627039493.0
tiznit,29.5833,-9.5,106.43,11.0,12.0,15.61,MA,1627039493.0
